Localization ,Chinese,English,French,German,Italian,Norweigen,Polish,Portuguese(brazil)(pt-br),Russian,Spanish,Comment,,,,,,,,,,,,,,
villager,,,,,,,,,,,,,,,,,,,,,,,,,
Villager,Pass,Pass,Pass,Pass,Pass,Pass,Pass,Pass,Pass,Pass,,,,,,,,,,,,,,,
Tribe,Pass,Pass,Pass,Pass,Pass,Pass,Pass,Pass,Pass,Pass,,,,,,,,,,,,,,,
Archery Range,,,,,,,,,,,,,,,,,,,,,,,,,
Archer,Pass,Pass,Pass,Pass,Pass,Pass,Pass,Pass,Pass,Pass,,,,,,,,,,,,,,,
Slinger,Pass,Pass,Pass,Pass,Pass,Pass,Pass,Pass,Pass,Pass,,,,,,,,,,,,,,,
Javlin throw,Pass,Pass,Pass,Pass,Pass,Pass,Pass,Pass,Pass,Pass,,,,,,,,,,,,,,,
Barrack,,,,,,,,,,,,,,,,,,,,,,,,,
Lite Axemen,Pass,Pass,Pass,Pass,Pass,Pass,Pass,Pass,Pass,Pass,,,,,,,,,,,,,,,
Heavy axemen,Pass,Pass,Pass,Pass,Pass,Pass,Pass,Pass,Pass,Pass,,,,,,,,,,,,,,,
Spearman,Pass,Pass,Pass,Pass,Pass,Pass,Pass,Pass,Pass,Pass,,,,,,,,,,,,,,,
Swordsman,Pass,Pass,Pass,Pass,Pass,Pass,Fail,Fail,Fail,Pass,,,,,,,,,,,,,,,
Stable ,,,,,,,,,,,,,,,,,,,,,,,,,
War Chariot,Pass,Pass,Pass,Pass,Pass,Pass,Pass,Pass,Pass,Pass,,,,,,,,,,,,,,,
Workshop,,,,,,,,,,,,,,,,,,,,,,,,,
Battering Ram,Pass,Pass,Pass,Pass,Pass,Pass,Pass,Pass,Pass,Pass,,,,,,,,,,,,,,,
Sapper,Pass,Pass,Pass,Pass,Pass,Pass,Pass,Pass,Pass,Pass,,,,,,,,,,,,,,,
MAIN MENU,,,,,,,,,,,,,,,,,,,,,,,,,
SinglePlayer,Pass,Pass,Pass,Pass,Pass,Pass,Pass,Pass,Pass,Pass,,,,,,,,,,,,,,,
Multiplayer,Pass,Pass,Pass,Pass,Pass,Pass,Pass,Pass,Pass,Pass,,,,,,,,,,,,,,,
Replays,Pass,Pass,Pass,Pass,Pass,Pass,Pass,Pass,Pass,Pass,,,,,,,,,,,,,,,
Setting,Pass,Pass,Pass,Pass,Pass,Pass,Pass,Pass,Pass,Pass,,,,,,,,,,,,,,,
Credits,Pass,Pass,Pass,Pass,Pass,Pass,Pass,Pass,Pass,Pass,,,,,,,,,,,,,,,
Exit,Pass,Pass,Pass,Pass,Pass,Pass,Pass,Pass,Pass,Pass,,,,,,,,,,,,,,,
SINGLE PLAYER (Game-Mode),,,,,,,,,,,,,,,,,,,,,,,,,
Campaign ,Pass,Pass,Fail,Pass,Pass,Pass,Pass,Pass,Pass,Pass,Debug Text is Present for French,,,,,,,,,,,,,,
Skirmish,Pass,Pass,Fail,Pass,Pass,Pass,Pass,Pass,Pass,Pass,,,,,,,,,,,,,,,
Hordes,Pass,Pass,Fail,Pass,Pass,Pass,Pass,Pass,Pass,Pass,,,,,,,,,,,,,,,
Sandbox,Pass,Pass,Fail,Pass,Pass,Pass,Pass,Pass,Pass,Pass,,,,,,,,,,,,,,,
SINGLE PLAYER (Load game),,,,,,,,,,,,,,,,,,,,,,,,,
Delete pop up ,Some Issue,Some Issue,Some Issue,Some Issue,Some Issue,Some Issue,Some Issue,Some Issue,Some Issue,Some Issue,"Debug Text is present in the Mode Description for All The Language, Buttons reflect the languages ",,,,,,,,,,,,,,
Load ,Pass,Pass,Pass,Pass,Pass,Pass,Pass,Pass,Pass,Pass,,,,,,,,,,,,,,,
Multiplayer (Connect to server page),,,,,,,,,,,,,,,,,,,,,,,,,
Info text,Pass,Pass,Pass,Pass,Pass,Pass,Pass,Pass,Pass,Pass,,,,,,,,,,,,,,,
Select Region,Pass,Pass,Pass,Pass,Pass,Pass,Pass,Pass,Pass,Pass,,,,,,,,,,,,,,,
Open Button text,Pass,Pass,Pass,Pass,Pass,Pass,Pass,Pass,Pass,Pass,,,,,,,,,,,,,,,
Multiplayer (Room),,,,,,,,,,,,,,,,,,,,,,,,,
Info text,Pass,Pass,Pass,Pass,Pass,Pass,Pass,Pass,Pass,Pass,,,,,,,,,,,,,,,
Join button text,Pass,Pass,Pass,Pass,Pass,Pass,Pass,Pass,Pass,Pass,,,,,,,,,,,,,,,
Leave button ,Pass,Pass,Pass,Pass,Pass,Pass,Pass,Pass,Pass,Pass,,,,,,,,,,,,,,,
Refresh room ,Pass,Pass,Pass,Pass,Pass,Pass,Pass,Pass,Pass,Pass,,,,,,,,,,,,,,,
Create Room,Pass,Pass,Pass,Pass,Pass,Pass,Pass,Pass,Pass,Pass,,,,,,,,,,,,,,,
Multiplayer (Create room  - Select Game Mode),,,,,,,,,,,,,,,,,,,,,,,,,
Skirmish,Some Issue,Some Issue,Some Issue,Some Issue,Some Issue,Some Issue,Some Issue,Some Issue,Some Issue,Some Issue,"Debug Text is present in the Mode Description for All The Language, Buttons reflect the languages ",,,,,,,,,,,,,,
Hordes,Some Issue,Some Issue,Some Issue,Some Issue,Some Issue,Some Issue,Some Issue,Some Issue,Some Issue,Some Issue,,,,,,,,,,,,,,,
Multiplayer (Create skirmish room),,,,,,,,,,,,,,,,,,,,,,,,,
Game name text,Pass,Pass,Some Issue,Some Issue,Some Issue,Pass,Pass,Pass,Pass,Pass,,,,,,,,,,,,,,,
Map size,Pass,Pass,Some Issue,Some Issue,Pass,Pass,Pass,Pass,Pass,Pass,,,,,,,,,,,,,,,
Map type,Pass,Pass,Some Issue,Some Issue,Pass,Pass,Pass,Pass,Pass,Pass,,,,,,,,,,,,,,,
Info Text,Pass,Pass,Some Issue,Some Issue,Pass,Pass,Pass,Pass,Pass,Pass,,,,,,,,,,,,,,,
Create room ,Pass,Pass,Some Issue,Some Issue,Some Issue,Pass,Pass,Pass,Pass,Pass,,,,,,,,,,,,,,,
Multiplayer (Create HORDES room),,,,,,,,,,,,,,,,,,,,,,,,,
Game name text,Pass,Pass,Some Issue,Pass,Pass,Pass,Pass,Pass,Pass,Pass,,,,,,,,,,,,,,,
Difficult level,Pass,Pass,Some Issue,Pass,Pass,Pass,Pass,Pass,Pass,Pass,,,,,,,,,,,,,,,
Map type,Pass,Pass,Some Issue,Pass,Pass,Pass,Pass,Pass,Pass,Pass,,,,,,,,,,,,,,,
Info Text,Pass,Pass,Some Issue,Pass,Pass,Pass,Pass,Pass,Pass,Pass,,,,,,,,,,,,,,,
Create room ,Pass,Pass,Some Issue,Pass,Pass,Pass,Pass,Pass,Pass,Pass,,,,,,,,,,,,,,,
Replay ,,,,,,,,,,,,,,,,,,,,,,,,,
Delete pop up ,Some Issue,Some Issue,Some Issue,Some Issue,Some Issue,Some Issue,Some Issue,Some Issue,Some Issue,Some Issue,"Debug Text is present in the Mode Description for All The Language, Buttons reflect the languages ",,,,,,,,,,,,,,
Load ,Pass,Pass,Pass,Pass,Pass,Pass,Pass,Pass,Pass,Pass,,,,,,,,,,,,,,,
Replay button ,Pass,Pass,Pass,Pass,Pass,Pass,Pass,Pass,Pass,Pass,,,,,,,,,,,,,,,
info text,Some Issue,Some Issue,Some Issue,Some Issue,Some Issue,Some Issue,Some Issue,Some Issue,Some Issue,Some Issue,,,,,,,,,,,,,,,
Setting,,,,,,,,,,,,,,,,,,,,,,,,,
Option text,Pass,Pass,Pass,Pass,Pass,Pass,Pass,Pass,Pass,In Progress,,,,,,,,,,,,,,,
Gameplay text ,Pass,Pass,Pass,Pass,Pass,Pass,Pass,Pass,Pass,Pass,,,,,,,,,,,,,,,
Audio text,Pass,Pass,Pass,Pass,Pass,Pass,Pass,Pass,Pass,Pass,,,,,,,,,,,,,,,
Hotkeys,Pass,Pass,Pass,Pass,Pass,Pass,Pass,Pass,Pass,Pass,,,,,,,,,,,,,,,
Setting(Hot keys),,,,,,,,,,,,,,,,,,,,,,,,,
Tribe Actions,Pass,Pass,Pass,Pass,Pass,Pass,Pass,Pass,Pass,Pass,,,,,,,,,,,,,,,
Civilian Building ,Pass,Pass,Pass,Pass,Pass,Pass,Pass,Pass,Pass,Pass,,,,,,,,,,,,,,,
Military building,Pass,Pass,Pass,Pass,Pass,Pass,Pass,Pass,Pass,Pass,,,,,,,,,,,,,,,
Equipments,Pass,Pass,Pass,Pass,Pass,Pass,Pass,Pass,Pass,Pass,,,,,,,,,,,,,,,
Archery unit,Pass,Pass,Pass,Pass,Pass,Pass,Pass,Pass,Pass,Pass,,,,,,,,,,,,,,,
Barrack unit,Pass,Pass,Pass,Pass,Pass,Pass,Pass,Pass,Pass,Pass,,,,,,,,,,,,,,,
Stable units,Pass,Pass,Pass,Pass,Pass,Pass,Pass,Pass,Pass,Pass,,,,,,,,,,,,,,,
Resource Camp unit,Pass,Pass,Pass,Pass,Pass,Pass,Pass,Pass,Pass,Pass,,,,,,,,,,,,,,,
Workshop units,Pass,Pass,Pass,Pass,Pass,Pass,Pass,Pass,Pass,Pass,,,,,,,,,,,,,,,
Villageer Action ,Pass,Pass,Pass,Pass,Pass,Pass,Pass,Pass,Pass,Pass,,,,,,,,,,,,,,,
Building Action ,Pass,Pass,Pass,Pass,Pass,Pass,Pass,Pass,Pass,Pass,,,,,,,,,,,,,,,
GeneralAction ,Pass,Pass,Pass,Pass,Pass,Pass,Pass,Pass,Pass,Pass,,,,,,,,,,,,,,,
Wonder Actions,Pass,Pass,Pass,Pass,Pass,Pass,Pass,Pass,Pass,Pass,,,,,,,,,,,,,,,
Spectater actions,Pass,Pass,Pass,Pass,Pass,Pass,Pass,Pass,Pass,Pass,,,,,,,,,,,,,,,
Marketplace action ,Pass,Pass,Pass,Pass,Pass,Pass,Pass,Pass,Pass,Pass,,,,,,,,,,,,,,,
Camera controls,Pass,Pass,Pass,Pass,Pass,Pass,Pass,Pass,Pass,Pass,,,,,,,,,,,,,,,
Gate Action ,Pass,Pass,Pass,Pass,Pass,Pass,Pass,Pass,Pass,Pass,,,,,,,,,,,,,,,
Other action ,Pass,Pass,Pass,Pass,Pass,Pass,Pass,Pass,Pass,Pass,,,,,,,,,,,,,,,
Button text,Pass,Pass,Pass,Pass,Pass,Pass,Pass,Pass,Pass,Pass,,,,,,,,,,,,,,,
Villager,,,,,,,,,,,,,,,,,,,,,,,,,
Basic Damage,Pass,Pass,Pass,Pass,Pass,Pass,Pass,Pass,Pass,Pass,,,,,,,,,,,,,,,
Range Damage,Pass,Pass,Pass,Pass,Pass,Pass,Pass,Pass,Pass,Pass,,,,,,,,,,,,,,,
Building Damage,Pass,Pass,Pass,Pass,Pass,Pass,Pass,Pass,Pass,Pass,,,,,,,,,,,,,,,
Damage Reduction,Pass,Pass,Pass,Pass,Pass,Pass,Pass,Pass,Pass,Pass,,,,,,,,,,,,,,,
Range Damage Reduction ,Pass,Pass,Pass,Pass,Pass,Pass,Pass,Pass,Pass,Pass,,,,,,,,,,,,,,,
Ranged Attack Range,Pass,Pass,Pass,Pass,Pass,Pass,Pass,Pass,Pass,Pass,,,,,,,,,,,,,,,
Movement Speed,Pass,Pass,Pass,Pass,Pass,Pass,Pass,Pass,Pass,Pass,,,,,,,,,,,,,,,
Food Consumed,Pass,Pass,Pass,Pass,Pass,Pass,Pass,Pass,Pass,Pass,,,,,,,,,,,,,,,
Resourcing carrying,Pass,Pass,Pass,Pass,Pass,Pass,Pass,Pass,Pass,Pass,,,,,,,,,,,,,,,
Scouts,,,,,,,,,,,,,,,,,,,,,,,,,
Basic Damage,Pass,Pass,Pass,Pass,Pass,Pass,Pass,Pass,Pass,Pass,,,,,,,,,,,,,,,
Range Damage,Pass,Pass,Pass,Pass,Pass,Pass,Pass,Pass,Pass,Pass,,,,,,,,,,,,,,,
Building Damage,Pass,Pass,Pass,Pass,Pass,Pass,Pass,Pass,Pass,Pass,,,,,,,,,,,,,,,
Damage Reduction,Pass,Pass,Pass,Pass,Pass,Pass,Pass,Pass,Pass,Pass,,,,,,,,,,,,,,,
Range Damage Reduction ,Pass,Pass,Pass,Pass,Pass,Pass,Pass,Pass,Pass,Pass,,,,,,,,,,,,,,,
Ranged Attack Range,Pass,Pass,Pass,Pass,Pass,Pass,Pass,Pass,Pass,Pass,,,,,,,,,,,,,,,
Movement Speed,Pass,Pass,Pass,Pass,Pass,Pass,Pass,Pass,Pass,Pass,,,,,,,,,,,,,,,
Food Consumed,Pass,Pass,Pass,Pass,Pass,Pass,Pass,Pass,Pass,Pass,,,,,,,,,,,,,,,
Building Menu - Check all the Modes[Skirmish/Campagin/Hodes/Sandbox],,,,,,,,,,,,,,,,,,,,,,,,,
Village Centre,,Pass,Fail,,Pass,Pass,Pass,Pass,Pass,,Debug text says no translation found(French),,,,,,,,,,,,,,
Attack Move,,Pass,Pass,,Pass,Pass,Pass,Pass,Pass,,,,,,,,,,,,,,,,
Stop Action,,Pass,Fail,,Pass,Pass,Pass,Pass,Pass,,Text says stop,,,,,,,,,,,,,,
Last Resource,,Pass,Pass,,Pass,Pass,Pass,Pass,Pass,,,,,,,,,,,,,,,,
Hold Ground,,Pass,Pass,,Pass,Pass,Pass,Pass,Pass,,,,,,,,,,,,,,,,
Defensive,,Pass,Pass,,Pass,Pass,Pass,Pass,Pass,,,,,,,,,,,,,,,,
Aggressive ,,Pass,Pass,,Pass,Pass,Pass,Pass,Pass,,,,,,,,,,,,,,,,
Civilian Building Menu,,Pass,Pass,,Pass,Pass,Pass,Pass,Pass,,,,,,,,,,,,,,,,
Repair,,Pass,Pass,,Pass,Pass,Pass,Pass,Pass,,,,,,,,,,,,,,,,
Military building Menu,,Pass,Pass,,Pass,Pass,Pass,Pass,Pass,,,,,,,,,,,,,,,,
Civilian Building Menu[Skirmish/Campagin/Hodes/Sandbox],,,,,,,,,,,,,,,,,,,,,,,,,
Dwelling,,Pass,Fail,,Pass,Pass,Pass,Pass,Pass,,Debug text says no translation found(French),,,,,,,,,,,,,,
Resource Camp ,,Pass,Fail,,Pass,Pass,Pass,Pass,Pass,,Debug text says no translation found(French),,,,,,,,,,,,,,
Clay Pit,,Pass,Fail,,Pass,Pass,Pass,Pass,Pass,,Debug text says no translation found(French),,,,,,,,,,,,,,
Farm ,,Pass,Fail,,Pass,Pass,Pass,Pass,Pass,,Debug text says no translation found(French),,,,,,,,,,,,,,
Marketplace action ,,Pass,Fail,,Pass,Pass,Pass,Pass,Pass,,Debug text says no translation found(French),,,,,,,,,,,,,,
Wonder Actions,,Pass,Fail,,Pass,Pass,Pass,Pass,Pass,,Debug text says no translation found(French),,,,,,,,,,,,,,
Palace,,Pass,Fail,,Pass,Pass,Pass,Pass,Pass,,Debug text says no translation found(French),,,,,,,,,,,,,,
Outpost,,Pass,Fail,,Pass,Pass,Pass,Pass,Pass,,Debug text says no translation found(French),,,,,,,,,,,,,,
Granary ,,Some Issue,Fail,,Pass,Pass,Pass,Pass,Pass,,"Debug text is present in the granary description, <sprite=25)

Debug text says no translation found(French)",,,,,,,,,,,,,,
Technology tree ,,,,,,,,,,,,,,,,,,,,,,,,,
Masons,,Pass,Fail,,Pass,Pass,Pass,Pass,Pass,,Debug text says no translation found(French),,,,,,,,,,,,,,
Improved woodworking,,Pass,Fail,,Pass,Pass,Pass,Pass,Pass,,Debug text says no translation found(French),,,,,,,,,,,,,,
Imporved Mining,,Pass,Fail,,Pass,Pass,Pass,Pass,Pass,,Debug text says no translation found(French),,,,,,,,,,,,,,
Plough,,Pass,Fail,,Pass,Pass,Pass,Pass,Pass,,Debug text says no translation found(French),,,,,,,,,,,,,,
Potter's wheel,,Pass,Fail,,Pass,Pass,Pass,Pass,Pass,,Debug text says no translation found(French),,,,,,,,,,,,,,
Militia,,Pass,Fail,,Pass,Pass,Pass,Pass,Pass,,Debug text says no translation found(French),,,,,,,,,,,,,,
Elite Light Axemen,,Pass,Fail,,Some Issue,Fail,Pass,Pass,Pass,,"Debug text says no translation found(French)

Overlap issue observed in description (italian)",,,,,,,,,,,,,,
Elite slinger,,Pass,Fail,,Pass,Pass,Pass,Pass,Pass,,Debug text says no translation found(French),,,,,,,,,,,,,,
Technology tree [Assyrians],,,,,,,,,,,,,,,,,,,,,,,,,
Conscripts,,Pass,Fail,,Pass,Pass,Pass,Pass,Pass,,Debug text says no translation found(French),,,,,,,,,,,,,,
Trade Colonies,,Pass,Fail,,Pass,Pass,Pass,Pass,Pass,,Debug text says no translation found(French),,,,,,,,,,,,,,
Logistices,,Pass,Fail,,Pass,Pass,Pass,Pass,Pass,,Debug text says no translation found(French),,,,,,,,,,,,,,
Organised warfare,,Pass,Fail,,Pass,Pass,Pass,Pass,Pass,,Debug text says no translation found(French),,,,,,,,,,,,,,
Master of siege warfare,,Pass,Fail,,Pass,Pass,Pass,Pass,Pass,,Debug text says no translation found(French),,,,,,,,,,,,,,
Bronze smelting,,Pass,Fail,,Pass,Pass,Pass,Pass,Pass,,Debug text says no translation found(French),,,,,,,,,,,,,,
Wheel,,Pass,Fail,,Pass,Pass,Pass,Pass,Pass,,Debug text says no translation found(French),,,,,,,,,,,,,,
Elite Archer,,Pass,Fail,,Pass,Pass,Pass,Pass,Pass,,Debug text says no translation found(French),,,,,,,,,,,,,,
Elite javelin thrower,,Pass,Fail,,Pass,Pass,Pass,Pass,Pass,,Debug text says no translation found(French),,,,,,,,,,,,,,
Elite heavy axeman,,Pass,Fail,,Pass,Pass,Pass,Pass,Pass,,Debug text says no translation found(French),,,,,,,,,,,,,,
Elite spearman,,Pass,Fail,,Pass,Pass,Pass,Pass,Pass,,Debug text says no translation found(French),,,,,,,,,,,,,,
Elite sapper,,Pass,Fail,,Pass,Pass,Pass,Pass,Pass,,Debug text says no translation found(French),,,,,,,,,,,,,,
Elite battering ram,,Pass,Fail,,Pass,Pass,Pass,Pass,Pass,,Debug text says no translation found(French),,,,,,,,,,,,,,
Elite swordsman,,Pass,Fail,,Pass,Pass,Pass,Pass,Pass,,Debug text says no translation found(French),,,,,,,,,,,,,,
Elite war charoit,,Pass,Fail,,Pass,Pass,Pass,Pass,Pass,,Debug text says no translation found(French),,,,,,,,,,,,,,
Technology tree [Babylonians],,,,,,,,,,,,,,,,,,,,,,,,,
Defensive tactics,,Pass,Fail,,,,,,,,Debug text says no translation found(French),,,,,,,,,,,,,,
Fortification,,Pass,Fail,,,,,,,,Debug text says no translation found(French),,,,,,,,,,,,,,
Renowned garden,,Pass,Fail,,,,,,,,Debug text says no translation found(French),,,,,,,,,,,,,,
Improved watchtowers,,Pass,Fail,,,,,,,,Debug text says no translation found(French),,,,,,,,,,,,,,
Code of law,,Pass,Fail,,,,,,,,Debug text says no translation found(French),,,,,,,,,,,,,,
Technology tree [Egyptians],,,,,,,,,,,,,,,,,,,,,,,,,
Medicine,,Pass,Fail,,,,,,,,Debug text says no translation found(French),,,,,,,,,,,,,,
Monument builders,,Pass,Fail,,,,,,,,Debug text says no translation found(French),,,,,,,,,,,,,,
Hieroglyphic builder,,Pass,Fail,,,,,,,,Debug text says no translation found(French),,,,,,,,,,,,,,
Sickle,,Pass,Fail,,,,,,,,Debug text says no translation found(French),,,,,,,,,,,,,,
Papyrus scrolls,,Pass,Fail,,,,,,,,Debug text says no translation found(French),,,,,,,,,,,,,,
Military Building Menu[Skirmish/Campagin/Hodes/Sandbox],,,,,,,,,,,,,,,,,,,,,,,,,
Barracks,,Pass,Fail,,Pass,,,Pass,Pass,,Debug text says no translation found(French),,,,,,,,,,,,,,
Archary range,,Pass,Fail,,Pass,,,Pass,Pass,,Debug text says no translation found(French),,,,,,,,,,,,,,
Stable,,Pass,Fail,,Pass,,,Pass,Pass,,Debug text says no translation found(French),,,,,,,,,,,,,,
Workshop,,Pass,Fail,,Pass,,,Pass,Pass,,Debug text says no translation found(French),,,,,,,,,,,,,,
Furnace,,Pass,Fail,,Pass,,,Pass,Pass,,Debug text says no translation found(French),,,,,,,,,,,,,,
WatchTower,,Pass,Fail,,Pass,,,Pass,Pass,,Debug text says no translation found(French),,,,,,,,,,,,,,
Wall,,Pass,Pass,,Pass,,,Pass,Pass,,,,,,,,,,,,,,,,
Gate,,Pass,Fail,,Pass,,,Pass,Pass,,Debug text says no translation found(French),,,,,,,,,,,,,,
Resource indicator Game side panel ,,,,,,,,,,,,,,,,,,,,,,,,,
Villager counter,Pass,Pass,,,,,,,,,,,,,,,,,,,,,,,
Brick counter,Pass,Pass,,,,,,,,,,,,,,,,,,,,,,,
Wood Counter ,Pass,Pass,,,,,,,,,,,,,,,,,,,,,,,
Metal Counter ,Pass,Pass,,,,,,,,,,,,,,,,,,,,,,,
Food counter ,Pass,Pass,,,,,,,,,,,,,,,,,,,,,,,
Tree technoloy Menu ,Pass,Pass,,,,,,,,,,,,,,,,,,,,,,,
,,,,,,,,,,,,,,,,,,,,,,,,,
,,,,,,,,,,,,,,,,,,,,,,,,,
,,,,,,,,,,,,,,,,,,,,,,,,,
,,,,,,,,,,,,,,,,,,,,,,,,,
,,,,,,,,,,,,,,,,,,,,,,,,,
,,,,,,,,,,,,,,,,,,,,,,,,,
,,,,,,,,,,,,,,,,,,,,,,,,,
,,,,,,,,,,,,,,,,,,,,,,,,,
,,,,,,,,,,,,,,,,,,,,,,,,,
,,,,,,,,,,,,,,,,,,,,,,,,,
,,,,,,,,,,,,,,,,,,,,,,,,,
,,,,,,,,,,,,,,,,,,,,,,,,,
,,,,,,,,,,,,,,,,,,,,,,,,,
,,,,,,,,,,,,,,,,,,,,,,,,,
,,,,,,,,,,,,,,,,,,,,,,,,,
,,,,,,,,,,,,,,,,,,,,,,,,,
,,,,,,,,,,,,,,,,,,,,,,,,,
,,,,,,,,,,,,,,,,,,,,,,,,,
,,,,,,,,,,,,,,,,,,,,,,,,,
,,,,,,,,,,,,,,,,,,,,,,,,,
,,,,,,,,,,,,,,,,,,,,,,,,,
,,,,,,,,,,,,,,,,,,,,,,,,,
,,,,,,,,,,,,,,,,,,,,,,,,,
,,,,,,,,,,,,,,,,,,,,,,,,,
,,,,,,,,,,,,,,,,,,,,,,,,,
,,,,,,,,,,,,,,,,,,,,,,,,,
,,,,,,,,,,,,,,,,,,,,,,,,,
,,,,,,,,,,,,,,,,,,,,,,,,,
,,,,,,,,,,,,,,,,,,,,,,,,,
,,,,,,,,,,,,,,,,,,,,,,,,,
,,,,,,,,,,,,,,,,,,,,,,,,,
,,,,,,,,,,,,,,,,,,,,,,,,,
,,,,,,,,,,,,,,,,,,,,,,,,,
,,,,,,,,,,,,,,,,,,,,,,,,,
,,,,,,,,,,,,,,,,,,,,,,,,,
,,,,,,,,,,,,,,,,,,,,,,,,,
,,,,,,,,,,,,,,,,,,,,,,,,,
,,,,,,,,,,,,,,,,,,,,,,,,,
,,,,,,,,,,,,,,,,,,,,,,,,,
,,,,,,,,,,,,,,,,,,,,,,,,,
,,,,,,,,,,,,,,,,,,,,,,,,,
,,,,,,,,,,,,,,,,,,,,,,,,,
,,,,,,,,,,,,,,,,,,,,,,,,,
,,,,,,,,,,,,,,,,,,,,,,,,,
,,,,,,,,,,,,,,,,,,,,,,,,,
,,,,,,,,,,,,,,,,,,,,,,,,,
,,,,,,,,,,,,,,,,,,,,,,,,,
,,,,,,,,,,,,,,,,,,,,,,,,,
,,,,,,,,,,,,,,,,,,,,,,,,,
,,,,,,,,,,,,,,,,,,,,,,,,,
,,,,,,,,,,,,,,,,,,,,,,,,,
,,,,,,,,,,,,,,,,,,,,,,,,,
,,,,,,,,,,,,,,,,,,,,,,,,,
,,,,,,,,,,,,,,,,,,,,,,,,,
,,,,,,,,,,,,,,,,,,,,,,,,,
,,,,,,,,,,,,,,,,,,,,,,,,,
,,,,,,,,,,,,,,,,,,,,,,,,,
,,,,,,,,,,,,,,,,,,,,,,,,,
,,,,,,,,,,,,,,,,,,,,,,,,,
,,,,,,,,,,,,,,,,,,,,,,,,,
,,,,,,,,,,,,,,,,,,,,,,,,,
,,,,,,,,,,,,,,,,,,,,,,,,,
,,,,,,,,,,,,,,,,,,,,,,,,,
,,,,,,,,,,,,,,,,,,,,,,,,,
,,,,,,,,,,,,,,,,,,,,,,,,,
,,,,,,,,,,,,,,,,,,,,,,,,,
,,,,,,,,,,,,,,,,,,,,,,,,,
,,,,,,,,,,,,,,,,,,,,,,,,,
,,,,,,,,,,,,,,,,,,,,,,,,,
,,,,,,,,,,,,,,,,,,,,,,,,,
,,,,,,,,,,,,,,,,,,,,,,,,,
,,,,,,,,,,,,,,,,,,,,,,,,,
,,,,,,,,,,,,,,,,,,,,,,,,,
,,,,,,,,,,,,,,,,,,,,,,,,,
,,,,,,,,,,,,,,,,,,,,,,,,,
,,,,,,,,,,,,,,,,,,,,,,,,,
,,,,,,,,,,,,,,,,,,,,,,,,,
,,,,,,,,,,,,,,,,,,,,,,,,,
,,,,,,,,,,,,,,,,,,,,,,,,,
,,,,,,,,,,,,,,,,,,,,,,,,,
,,,,,,,,,,,,,,,,,,,,,,,,,
,,,,,,,,,,,,,,,,,,,,,,,,,
,,,,,,,,,,,,,,,,,,,,,,,,,
,,,,,,,,,,,,,,,,,,,,,,,,,
,,,,,,,,,,,,,,,,,,,,,,,,,
,,,,,,,,,,,,,,,,,,,,,,,,,
,,,,,,,,,,,,,,,,,,,,,,,,,
,,,,,,,,,,,,,,,,,,,,,,,,,
,,,,,,,,,,,,,,,,,,,,,,,,,
,,,,,,,,,,,,,,,,,,,,,,,,,
,,,,,,,,,,,,,,,,,,,,,,,,,
,,,,,,,,,,,,,,,,,,,,,,,,,
,,,,,,,,,,,,,,,,,,,,,,,,,
,,,,,,,,,,,,,,,,,,,,,,,,,
,,,,,,,,,,,,,,,,,,,,,,,,,
,,,,,,,,,,,,,,,,,,,,,,,,,
,,,,,,,,,,,,,,,,,,,,,,,,,
,,,,,,,,,,,,,,,,,,,,,,,,,
,,,,,,,,,,,,,,,,,,,,,,,,,
,,,,,,,,,,,,,,,,,,,,,,,,,
,,,,,,,,,,,,,,,,,,,,,,,,,
,,,,,,,,,,,,,,,,,,,,,,,,,
,,,,,,,,,,,,,,,,,,,,,,,,,
,,,,,,,,,,,,,,,,,,,,,,,,,
,,,,,,,,,,,,,,,,,,,,,,,,,
,,,,,,,,,,,,,,,,,,,,,,,,,
,,,,,,,,,,,,,,,,,,,,,,,,,
,,,,,,,,,,,,,,,,,,,,,,,,,
,,,,,,,,,,,,,,,,,,,,,,,,,
,,,,,,,,,,,,,,,,,,,,,,,,,
,,,,,,,,,,,,,,,,,,,,,,,,,
,,,,,,,,,,,,,,,,,,,,,,,,,
,,,,,,,,,,,,,,,,,,,,,,,,,
,,,,,,,,,,,,,,,,,,,,,,,,,
,,,,,,,,,,,,,,,,,,,,,,,,,
,,,,,,,,,,,,,,,,,,,,,,,,,
,,,,,,,,,,,,,,,,,,,,,,,,,
,,,,,,,,,,,,,,,,,,,,,,,,,
,,,,,,,,,,,,,,,,,,,,,,,,,
,,,,,,,,,,,,,,,,,,,,,,,,,
,,,,,,,,,,,,,,,,,,,,,,,,,
,,,,,,,,,,,,,,,,,,,,,,,,,
,,,,,,,,,,,,,,,,,,,,,,,,,
,,,,,,,,,,,,,,,,,,,,,,,,,
,,,,,,,,,,,,,,,,,,,,,,,,,
,,,,,,,,,,,,,,,,,,,,,,,,,
,,,,,,,,,,,,,,,,,,,,,,,,,
,,,,,,,,,,,,,,,,,,,,,,,,,
,,,,,,,,,,,,,,,,,,,,,,,,,
,,,,,,,,,,,,,,,,,,,,,,,,,
,,,,,,,,,,,,,,,,,,,,,,,,,
,,,,,,,,,,,,,,,,,,,,,,,,,
,,,,,,,,,,,,,,,,,,,,,,,,,
,,,,,,,,,,,,,,,,,,,,,,,,,
,,,,,,,,,,,,,,,,,,,,,,,,,
,,,,,,,,,,,,,,,,,,,,,,,,,
,,,,,,,,,,,,,,,,,,,,,,,,,
,,,,,,,,,,,,,,,,,,,,,,,,,
,,,,,,,,,,,,,,,,,,,,,,,,,
,,,,,,,,,,,,,,,,,,,,,,,,,
,,,,,,,,,,,,,,,,,,,,,,,,,
,,,,,,,,,,,,,,,,,,,,,,,,,
,,,,,,,,,,,,,,,,,,,,,,,,,
,,,,,,,,,,,,,,,,,,,,,,,,,
,,,,,,,,,,,,,,,,,,,,,,,,,
,,,,,,,,,,,,,,,,,,,,,,,,,
,,,,,,,,,,,,,,,,,,,,,,,,,
,,,,,,,,,,,,,,,,,,,,,,,,,
,,,,,,,,,,,,,,,,,,,,,,,,,
,,,,,,,,,,,,,,,,,,,,,,,,,
,,,,,,,,,,,,,,,,,,,,,,,,,
,,,,,,,,,,,,,,,,,,,,,,,,,
,,,,,,,,,,,,,,,,,,,,,,,,,
,,,,,,,,,,,,,,,,,,,,,,,,,
,,,,,,,,,,,,,,,,,,,,,,,,,
,,,,,,,,,,,,,,,,,,,,,,,,,
,,,,,,,,,,,,,,,,,,,,,,,,,
,,,,,,,,,,,,,,,,,,,,,,,,,
,,,,,,,,,,,,,,,,,,,,,,,,,
,,,,,,,,,,,,,,,,,,,,,,,,,
,,,,,,,,,,,,,,,,,,,,,,,,,
,,,,,,,,,,,,,,,,,,,,,,,,,
,,,,,,,,,,,,,,,,,,,,,,,,,
,,,,,,,,,,,,,,,,,,,,,,,,,
,,,,,,,,,,,,,,,,,,,,,,,,,
,,,,,,,,,,,,,,,,,,,,,,,,,
,,,,,,,,,,,,,,,,,,,,,,,,,
,,,,,,,,,,,,,,,,,,,,,,,,,
,,,,,,,,,,,,,,,,,,,,,,,,,
,,,,,,,,,,,,,,,,,,,,,,,,,
,,,,,,,,,,,,,,,,,,,,,,,,,
,,,,,,,,,,,,,,,,,,,,,,,,,
,,,,,,,,,,,,,,,,,,,,,,,,,
,,,,,,,,,,,,,,,,,,,,,,,,,
,,,,,,,,,,,,,,,,,,,,,,,,,
,,,,,,,,,,,,,,,,,,,,,,,,,
,,,,,,,,,,,,,,,,,,,,,,,,,
,,,,,,,,,,,,,,,,,,,,,,,,,
,,,,,,,,,,,,,,,,,,,,,,,,,
,,,,,,,,,,,,,,,,,,,,,,,,,
,,,,,,,,,,,,,,,,,,,,,,,,,
,,,,,,,,,,,,,,,,,,,,,,,,,
,,,,,,,,,,,,,,,,,,,,,,,,,
,,,,,,,,,,,,,,,,,,,,,,,,,
,,,,,,,,,,,,,,,,,,,,,,,,,
,,,,,,,,,,,,,,,,,,,,,,,,,
,,,,,,,,,,,,,,,,,,,,,,,,,
,,,,,,,,,,,,,,,,,,,,,,,,,
,,,,,,,,,,,,,,,,,,,,,,,,,
,,,,,,,,,,,,,,,,,,,,,,,,,
,,,,,,,,,,,,,,,,,,,,,,,,,
,,,,,,,,,,,,,,,,,,,,,,,,,
,,,,,,,,,,,,,,,,,,,,,,,,,
,,,,,,,,,,,,,,,,,,,,,,,,,
,,,,,,,,,,,,,,,,,,,,,,,,,
,,,,,,,,,,,,,,,,,,,,,,,,,
,,,,,,,,,,,,,,,,,,,,,,,,,
,,,,,,,,,,,,,,,,,,,,,,,,,
,,,,,,,,,,,,,,,,,,,,,,,,,
,,,,,,,,,,,,,,,,,,,,,,,,,
,,,,,,,,,,,,,,,,,,,,,,,,,
,,,,,,,,,,,,,,,,,,,,,,,,,
,,,,,,,,,,,,,,,,,,,,,,,,,
,,,,,,,,,,,,,,,,,,,,,,,,,
,,,,,,,,,,,,,,,,,,,,,,,,,
,,,,,,,,,,,,,,,,,,,,,,,,,
,,,,,,,,,,,,,,,,,,,,,,,,,
,,,,,,,,,,,,,,,,,,,,,,,,,
,,,,,,,,,,,,,,,,,,,,,,,,,
,,,,,,,,,,,,,,,,,,,,,,,,,
,,,,,,,,,,,,,,,,,,,,,,,,,
,,,,,,,,,,,,,,,,,,,,,,,,,
,,,,,,,,,,,,,,,,,,,,,,,,,
,,,,,,,,,,,,,,,,,,,,,,,,,
,,,,,,,,,,,,,,,,,,,,,,,,,
,,,,,,,,,,,,,,,,,,,,,,,,,
,,,,,,,,,,,,,,,,,,,,,,,,,
,,,,,,,,,,,,,,,,,,,,,,,,,
,,,,,,,,,,,,,,,,,,,,,,,,,
,,,,,,,,,,,,,,,,,,,,,,,,,
,,,,,,,,,,,,,,,,,,,,,,,,,
,,,,,,,,,,,,,,,,,,,,,,,,,
,,,,,,,,,,,,,,,,,,,,,,,,,
,,,,,,,,,,,,,,,,,,,,,,,,,
,,,,,,,,,,,,,,,,,,,,,,,,,
,,,,,,,,,,,,,,,,,,,,,,,,,
,,,,,,,,,,,,,,,,,,,,,,,,,
,,,,,,,,,,,,,,,,,,,,,,,,,
,,,,,,,,,,,,,,,,,,,,,,,,,
,,,,,,,,,,,,,,,,,,,,,,,,,
,,,,,,,,,,,,,,,,,,,,,,,,,
,,,,,,,,,,,,,,,,,,,,,,,,,
,,,,,,,,,,,,,,,,,,,,,,,,,
,,,,,,,,,,,,,,,,,,,,,,,,,
,,,,,,,,,,,,,,,,,,,,,,,,,
,,,,,,,,,,,,,,,,,,,,,,,,,
,,,,,,,,,,,,,,,,,,,,,,,,,
,,,,,,,,,,,,,,,,,,,,,,,,,
,,,,,,,,,,,,,,,,,,,,,,,,,
,,,,,,,,,,,,,,,,,,,,,,,,,
,,,,,,,,,,,,,,,,,,,,,,,,,
,,,,,,,,,,,,,,,,,,,,,,,,,
,,,,,,,,,,,,,,,,,,,,,,,,,
,,,,,,,,,,,,,,,,,,,,,,,,,
,,,,,,,,,,,,,,,,,,,,,,,,,
,,,,,,,,,,,,,,,,,,,,,,,,,
,,,,,,,,,,,,,,,,,,,,,,,,,
,,,,,,,,,,,,,,,,,,,,,,,,,
,,,,,,,,,,,,,,,,,,,,,,,,,
,,,,,,,,,,,,,,,,,,,,,,,,,
,,,,,,,,,,,,,,,,,,,,,,,,,
,,,,,,,,,,,,,,,,,,,,,,,,,
,,,,,,,,,,,,,,,,,,,,,,,,,
,,,,,,,,,,,,,,,,,,,,,,,,,
,,,,,,,,,,,,,,,,,,,,,,,,,
,,,,,,,,,,,,,,,,,,,,,,,,,
,,,,,,,,,,,,,,,,,,,,,,,,,
,,,,,,,,,,,,,,,,,,,,,,,,,
,,,,,,,,,,,,,,,,,,,,,,,,,
,,,,,,,,,,,,,,,,,,,,,,,,,
,,,,,,,,,,,,,,,,,,,,,,,,,
,,,,,,,,,,,,,,,,,,,,,,,,,
,,,,,,,,,,,,,,,,,,,,,,,,,
,,,,,,,,,,,,,,,,,,,,,,,,,
,,,,,,,,,,,,,,,,,,,,,,,,,
,,,,,,,,,,,,,,,,,,,,,,,,,
,,,,,,,,,,,,,,,,,,,,,,,,,
,,,,,,,,,,,,,,,,,,,,,,,,,
,,,,,,,,,,,,,,,,,,,,,,,,,
,,,,,,,,,,,,,,,,,,,,,,,,,
,,,,,,,,,,,,,,,,,,,,,,,,,
,,,,,,,,,,,,,,,,,,,,,,,,,
,,,,,,,,,,,,,,,,,,,,,,,,,
,,,,,,,,,,,,,,,,,,,,,,,,,
,,,,,,,,,,,,,,,,,,,,,,,,,
,,,,,,,,,,,,,,,,,,,,,,,,,
,,,,,,,,,,,,,,,,,,,,,,,,,
,,,,,,,,,,,,,,,,,,,,,,,,,
,,,,,,,,,,,,,,,,,,,,,,,,,
,,,,,,,,,,,,,,,,,,,,,,,,,
,,,,,,,,,,,,,,,,,,,,,,,,,
,,,,,,,,,,,,,,,,,,,,,,,,,
,,,,,,,,,,,,,,,,,,,,,,,,,
,,,,,,,,,,,,,,,,,,,,,,,,,
,,,,,,,,,,,,,,,,,,,,,,,,,
,,,,,,,,,,,,,,,,,,,,,,,,,
,,,,,,,,,,,,,,,,,,,,,,,,,
,,,,,,,,,,,,,,,,,,,,,,,,,
,,,,,,,,,,,,,,,,,,,,,,,,,
,,,,,,,,,,,,,,,,,,,,,,,,,
,,,,,,,,,,,,,,,,,,,,,,,,,
,,,,,,,,,,,,,,,,,,,,,,,,,
,,,,,,,,,,,,,,,,,,,,,,,,,
,,,,,,,,,,,,,,,,,,,,,,,,,
,,,,,,,,,,,,,,,,,,,,,,,,,
,,,,,,,,,,,,,,,,,,,,,,,,,
,,,,,,,,,,,,,,,,,,,,,,,,,
,,,,,,,,,,,,,,,,,,,,,,,,,
,,,,,,,,,,,,,,,,,,,,,,,,,
,,,,,,,,,,,,,,,,,,,,,,,,,
,,,,,,,,,,,,,,,,,,,,,,,,,
,,,,,,,,,,,,,,,,,,,,,,,,,
,,,,,,,,,,,,,,,,,,,,,,,,,
,,,,,,,,,,,,,,,,,,,,,,,,,
,,,,,,,,,,,,,,,,,,,,,,,,,
,,,,,,,,,,,,,,,,,,,,,,,,,
,,,,,,,,,,,,,,,,,,,,,,,,,
,,,,,,,,,,,,,,,,,,,,,,,,,
,,,,,,,,,,,,,,,,,,,,,,,,,
,,,,,,,,,,,,,,,,,,,,,,,,,
,,,,,,,,,,,,,,,,,,,,,,,,,
,,,,,,,,,,,,,,,,,,,,,,,,,
,,,,,,,,,,,,,,,,,,,,,,,,,
,,,,,,,,,,,,,,,,,,,,,,,,,
,,,,,,,,,,,,,,,,,,,,,,,,,
,,,,,,,,,,,,,,,,,,,,,,,,,
,,,,,,,,,,,,,,,,,,,,,,,,,
,,,,,,,,,,,,,,,,,,,,,,,,,
,,,,,,,,,,,,,,,,,,,,,,,,,
,,,,,,,,,,,,,,,,,,,,,,,,,
,,,,,,,,,,,,,,,,,,,,,,,,,
,,,,,,,,,,,,,,,,,,,,,,,,,
,,,,,,,,,,,,,,,,,,,,,,,,,
,,,,,,,,,,,,,,,,,,,,,,,,,
,,,,,,,,,,,,,,,,,,,,,,,,,
,,,,,,,,,,,,,,,,,,,,,,,,,
,,,,,,,,,,,,,,,,,,,,,,,,,
,,,,,,,,,,,,,,,,,,,,,,,,,
,,,,,,,,,,,,,,,,,,,,,,,,,
,,,,,,,,,,,,,,,,,,,,,,,,,
,,,,,,,,,,,,,,,,,,,,,,,,,
,,,,,,,,,,,,,,,,,,,,,,,,,
,,,,,,,,,,,,,,,,,,,,,,,,,
,,,,,,,,,,,,,,,,,,,,,,,,,
,,,,,,,,,,,,,,,,,,,,,,,,,
,,,,,,,,,,,,,,,,,,,,,,,,,
,,,,,,,,,,,,,,,,,,,,,,,,,
,,,,,,,,,,,,,,,,,,,,,,,,,
,,,,,,,,,,,,,,,,,,,,,,,,,
,,,,,,,,,,,,,,,,,,,,,,,,,
,,,,,,,,,,,,,,,,,,,,,,,,,
,,,,,,,,,,,,,,,,,,,,,,,,,
,,,,,,,,,,,,,,,,,,,,,,,,,
,,,,,,,,,,,,,,,,,,,,,,,,,
,,,,,,,,,,,,,,,,,,,,,,,,,
,,,,,,,,,,,,,,,,,,,,,,,,,
,,,,,,,,,,,,,,,,,,,,,,,,,
,,,,,,,,,,,,,,,,,,,,,,,,,
,,,,,,,,,,,,,,,,,,,,,,,,,
,,,,,,,,,,,,,,,,,,,,,,,,,
,,,,,,,,,,,,,,,,,,,,,,,,,
,,,,,,,,,,,,,,,,,,,,,,,,,
,,,,,,,,,,,,,,,,,,,,,,,,,
,,,,,,,,,,,,,,,,,,,,,,,,,
,,,,,,,,,,,,,,,,,,,,,,,,,
,,,,,,,,,,,,,,,,,,,,,,,,,
,,,,,,,,,,,,,,,,,,,,,,,,,
,,,,,,,,,,,,,,,,,,,,,,,,,
,,,,,,,,,,,,,,,,,,,,,,,,,
,,,,,,,,,,,,,,,,,,,,,,,,,
,,,,,,,,,,,,,,,,,,,,,,,,,
,,,,,,,,,,,,,,,,,,,,,,,,,
,,,,,,,,,,,,,,,,,,,,,,,,,
,,,,,,,,,,,,,,,,,,,,,,,,,
,,,,,,,,,,,,,,,,,,,,,,,,,
,,,,,,,,,,,,,,,,,,,,,,,,,
,,,,,,,,,,,,,,,,,,,,,,,,,
,,,,,,,,,,,,,,,,,,,,,,,,,
,,,,,,,,,,,,,,,,,,,,,,,,,
,,,,,,,,,,,,,,,,,,,,,,,,,
,,,,,,,,,,,,,,,,,,,,,,,,,
,,,,,,,,,,,,,,,,,,,,,,,,,
,,,,,,,,,,,,,,,,,,,,,,,,,
,,,,,,,,,,,,,,,,,,,,,,,,,
,,,,,,,,,,,,,,,,,,,,,,,,,
,,,,,,,,,,,,,,,,,,,,,,,,,
,,,,,,,,,,,,,,,,,,,,,,,,,
,,,,,,,,,,,,,,,,,,,,,,,,,
,,,,,,,,,,,,,,,,,,,,,,,,,
,,,,,,,,,,,,,,,,,,,,,,,,,
,,,,,,,,,,,,,,,,,,,,,,,,,
,,,,,,,,,,,,,,,,,,,,,,,,,
,,,,,,,,,,,,,,,,,,,,,,,,,
,,,,,,,,,,,,,,,,,,,,,,,,,
,,,,,,,,,,,,,,,,,,,,,,,,,
,,,,,,,,,,,,,,,,,,,,,,,,,
,,,,,,,,,,,,,,,,,,,,,,,,,
,,,,,,,,,,,,,,,,,,,,,,,,,
,,,,,,,,,,,,,,,,,,,,,,,,,
,,,,,,,,,,,,,,,,,,,,,,,,,
,,,,,,,,,,,,,,,,,,,,,,,,,
,,,,,,,,,,,,,,,,,,,,,,,,,
,,,,,,,,,,,,,,,,,,,,,,,,,
,,,,,,,,,,,,,,,,,,,,,,,,,
,,,,,,,,,,,,,,,,,,,,,,,,,
,,,,,,,,,,,,,,,,,,,,,,,,,
,,,,,,,,,,,,,,,,,,,,,,,,,
,,,,,,,,,,,,,,,,,,,,,,,,,
,,,,,,,,,,,,,,,,,,,,,,,,,
,,,,,,,,,,,,,,,,,,,,,,,,,
,,,,,,,,,,,,,,,,,,,,,,,,,
,,,,,,,,,,,,,,,,,,,,,,,,,
,,,,,,,,,,,,,,,,,,,,,,,,,
,,,,,,,,,,,,,,,,,,,,,,,,,
,,,,,,,,,,,,,,,,,,,,,,,,,
,,,,,,,,,,,,,,,,,,,,,,,,,
,,,,,,,,,,,,,,,,,,,,,,,,,
,,,,,,,,,,,,,,,,,,,,,,,,,
,,,,,,,,,,,,,,,,,,,,,,,,,
,,,,,,,,,,,,,,,,,,,,,,,,,
,,,,,,,,,,,,,,,,,,,,,,,,,
,,,,,,,,,,,,,,,,,,,,,,,,,
,,,,,,,,,,,,,,,,,,,,,,,,,
,,,,,,,,,,,,,,,,,,,,,,,,,
,,,,,,,,,,,,,,,,,,,,,,,,,
,,,,,,,,,,,,,,,,,,,,,,,,,
,,,,,,,,,,,,,,,,,,,,,,,,,
,,,,,,,,,,,,,,,,,,,,,,,,,
,,,,,,,,,,,,,,,,,,,,,,,,,
,,,,,,,,,,,,,,,,,,,,,,,,,
,,,,,,,,,,,,,,,,,,,,,,,,,
,,,,,,,,,,,,,,,,,,,,,,,,,
,,,,,,,,,,,,,,,,,,,,,,,,,
,,,,,,,,,,,,,,,,,,,,,,,,,
,,,,,,,,,,,,,,,,,,,,,,,,,
,,,,,,,,,,,,,,,,,,,,,,,,,
,,,,,,,,,,,,,,,,,,,,,,,,,
,,,,,,,,,,,,,,,,,,,,,,,,,
,,,,,,,,,,,,,,,,,,,,,,,,,
,,,,,,,,,,,,,,,,,,,,,,,,,
,,,,,,,,,,,,,,,,,,,,,,,,,
,,,,,,,,,,,,,,,,,,,,,,,,,
,,,,,,,,,,,,,,,,,,,,,,,,,
,,,,,,,,,,,,,,,,,,,,,,,,,
,,,,,,,,,,,,,,,,,,,,,,,,,
,,,,,,,,,,,,,,,,,,,,,,,,,
,,,,,,,,,,,,,,,,,,,,,,,,,
,,,,,,,,,,,,,,,,,,,,,,,,,
,,,,,,,,,,,,,,,,,,,,,,,,,
,,,,,,,,,,,,,,,,,,,,,,,,,
,,,,,,,,,,,,,,,,,,,,,,,,,
,,,,,,,,,,,,,,,,,,,,,,,,,
,,,,,,,,,,,,,,,,,,,,,,,,,
,,,,,,,,,,,,,,,,,,,,,,,,,
,,,,,,,,,,,,,,,,,,,,,,,,,
,,,,,,,,,,,,,,,,,,,,,,,,,
,,,,,,,,,,,,,,,,,,,,,,,,,
,,,,,,,,,,,,,,,,,,,,,,,,,
,,,,,,,,,,,,,,,,,,,,,,,,,
,,,,,,,,,,,,,,,,,,,,,,,,,
,,,,,,,,,,,,,,,,,,,,,,,,,
,,,,,,,,,,,,,,,,,,,,,,,,,
,,,,,,,,,,,,,,,,,,,,,,,,,
,,,,,,,,,,,,,,,,,,,,,,,,,
,,,,,,,,,,,,,,,,,,,,,,,,,
,,,,,,,,,,,,,,,,,,,,,,,,,
,,,,,,,,,,,,,,,,,,,,,,,,,
,,,,,,,,,,,,,,,,,,,,,,,,,
,,,,,,,,,,,,,,,,,,,,,,,,,
,,,,,,,,,,,,,,,,,,,,,,,,,
,,,,,,,,,,,,,,,,,,,,,,,,,
,,,,,,,,,,,,,,,,,,,,,,,,,
,,,,,,,,,,,,,,,,,,,,,,,,,
,,,,,,,,,,,,,,,,,,,,,,,,,
,,,,,,,,,,,,,,,,,,,,,,,,,
,,,,,,,,,,,,,,,,,,,,,,,,,
,,,,,,,,,,,,,,,,,,,,,,,,,
,,,,,,,,,,,,,,,,,,,,,,,,,
,,,,,,,,,,,,,,,,,,,,,,,,,
,,,,,,,,,,,,,,,,,,,,,,,,,
,,,,,,,,,,,,,,,,,,,,,,,,,
,,,,,,,,,,,,,,,,,,,,,,,,,
,,,,,,,,,,,,,,,,,,,,,,,,,
,,,,,,,,,,,,,,,,,,,,,,,,,
,,,,,,,,,,,,,,,,,,,,,,,,,
,,,,,,,,,,,,,,,,,,,,,,,,,
,,,,,,,,,,,,,,,,,,,,,,,,,
,,,,,,,,,,,,,,,,,,,,,,,,,
,,,,,,,,,,,,,,,,,,,,,,,,,
,,,,,,,,,,,,,,,,,,,,,,,,,
,,,,,,,,,,,,,,,,,,,,,,,,,
,,,,,,,,,,,,,,,,,,,,,,,,,
,,,,,,,,,,,,,,,,,,,,,,,,,
,,,,,,,,,,,,,,,,,,,,,,,,,
,,,,,,,,,,,,,,,,,,,,,,,,,
,,,,,,,,,,,,,,,,,,,,,,,,,
,,,,,,,,,,,,,,,,,,,,,,,,,
,,,,,,,,,,,,,,,,,,,,,,,,,
,,,,,,,,,,,,,,,,,,,,,,,,,
,,,,,,,,,,,,,,,,,,,,,,,,,
,,,,,,,,,,,,,,,,,,,,,,,,,
,,,,,,,,,,,,,,,,,,,,,,,,,
,,,,,,,,,,,,,,,,,,,,,,,,,
,,,,,,,,,,,,,,,,,,,,,,,,,
,,,,,,,,,,,,,,,,,,,,,,,,,
,,,,,,,,,,,,,,,,,,,,,,,,,
,,,,,,,,,,,,,,,,,,,,,,,,,
,,,,,,,,,,,,,,,,,,,,,,,,,
,,,,,,,,,,,,,,,,,,,,,,,,,
,,,,,,,,,,,,,,,,,,,,,,,,,
,,,,,,,,,,,,,,,,,,,,,,,,,
,,,,,,,,,,,,,,,,,,,,,,,,,
,,,,,,,,,,,,,,,,,,,,,,,,,
,,,,,,,,,,,,,,,,,,,,,,,,,
,,,,,,,,,,,,,,,,,,,,,,,,,
,,,,,,,,,,,,,,,,,,,,,,,,,
,,,,,,,,,,,,,,,,,,,,,,,,,
,,,,,,,,,,,,,,,,,,,,,,,,,
,,,,,,,,,,,,,,,,,,,,,,,,,
,,,,,,,,,,,,,,,,,,,,,,,,,
,,,,,,,,,,,,,,,,,,,,,,,,,
,,,,,,,,,,,,,,,,,,,,,,,,,
,,,,,,,,,,,,,,,,,,,,,,,,,
,,,,,,,,,,,,,,,,,,,,,,,,,
,,,,,,,,,,,,,,,,,,,,,,,,,
,,,,,,,,,,,,,,,,,,,,,,,,,
,,,,,,,,,,,,,,,,,,,,,,,,,
,,,,,,,,,,,,,,,,,,,,,,,,,
,,,,,,,,,,,,,,,,,,,,,,,,,
,,,,,,,,,,,,,,,,,,,,,,,,,
,,,,,,,,,,,,,,,,,,,,,,,,,
,,,,,,,,,,,,,,,,,,,,,,,,,
,,,,,,,,,,,,,,,,,,,,,,,,,
,,,,,,,,,,,,,,,,,,,,,,,,,
,,,,,,,,,,,,,,,,,,,,,,,,,
,,,,,,,,,,,,,,,,,,,,,,,,,
,,,,,,,,,,,,,,,,,,,,,,,,,
,,,,,,,,,,,,,,,,,,,,,,,,,
,,,,,,,,,,,,,,,,,,,,,,,,,
,,,,,,,,,,,,,,,,,,,,,,,,,
,,,,,,,,,,,,,,,,,,,,,,,,,
,,,,,,,,,,,,,,,,,,,,,,,,,
,,,,,,,,,,,,,,,,,,,,,,,,,
,,,,,,,,,,,,,,,,,,,,,,,,,
,,,,,,,,,,,,,,,,,,,,,,,,,
,,,,,,,,,,,,,,,,,,,,,,,,,
,,,,,,,,,,,,,,,,,,,,,,,,,
,,,,,,,,,,,,,,,,,,,,,,,,,
,,,,,,,,,,,,,,,,,,,,,,,,,
,,,,,,,,,,,,,,,,,,,,,,,,,
,,,,,,,,,,,,,,,,,,,,,,,,,
,,,,,,,,,,,,,,,,,,,,,,,,,
,,,,,,,,,,,,,,,,,,,,,,,,,
,,,,,,,,,,,,,,,,,,,,,,,,,
,,,,,,,,,,,,,,,,,,,,,,,,,
,,,,,,,,,,,,,,,,,,,,,,,,,
,,,,,,,,,,,,,,,,,,,,,,,,,
,,,,,,,,,,,,,,,,,,,,,,,,,
,,,,,,,,,,,,,,,,,,,,,,,,,
,,,,,,,,,,,,,,,,,,,,,,,,,
,,,,,,,,,,,,,,,,,,,,,,,,,
,,,,,,,,,,,,,,,,,,,,,,,,,
,,,,,,,,,,,,,,,,,,,,,,,,,
,,,,,,,,,,,,,,,,,,,,,,,,,
,,,,,,,,,,,,,,,,,,,,,,,,,
,,,,,,,,,,,,,,,,,,,,,,,,,
,,,,,,,,,,,,,,,,,,,,,,,,,
,,,,,,,,,,,,,,,,,,,,,,,,,
,,,,,,,,,,,,,,,,,,,,,,,,,
,,,,,,,,,,,,,,,,,,,,,,,,,
,,,,,,,,,,,,,,,,,,,,,,,,,
,,,,,,,,,,,,,,,,,,,,,,,,,
,,,,,,,,,,,,,,,,,,,,,,,,,
,,,,,,,,,,,,,,,,,,,,,,,,,
,,,,,,,,,,,,,,,,,,,,,,,,,
,,,,,,,,,,,,,,,,,,,,,,,,,
,,,,,,,,,,,,,,,,,,,,,,,,,
,,,,,,,,,,,,,,,,,,,,,,,,,
,,,,,,,,,,,,,,,,,,,,,,,,,
,,,,,,,,,,,,,,,,,,,,,,,,,
,,,,,,,,,,,,,,,,,,,,,,,,,
,,,,,,,,,,,,,,,,,,,,,,,,,
,,,,,,,,,,,,,,,,,,,,,,,,,
,,,,,,,,,,,,,,,,,,,,,,,,,
,,,,,,,,,,,,,,,,,,,,,,,,,
,,,,,,,,,,,,,,,,,,,,,,,,,
,,,,,,,,,,,,,,,,,,,,,,,,,
,,,,,,,,,,,,,,,,,,,,,,,,,
,,,,,,,,,,,,,,,,,,,,,,,,,
,,,,,,,,,,,,,,,,,,,,,,,,,
,,,,,,,,,,,,,,,,,,,,,,,,,
,,,,,,,,,,,,,,,,,,,,,,,,,
,,,,,,,,,,,,,,,,,,,,,,,,,
,,,,,,,,,,,,,,,,,,,,,,,,,
,,,,,,,,,,,,,,,,,,,,,,,,,
,,,,,,,,,,,,,,,,,,,,,,,,,
,,,,,,,,,,,,,,,,,,,,,,,,,
,,,,,,,,,,,,,,,,,,,,,,,,,
,,,,,,,,,,,,,,,,,,,,,,,,,
,,,,,,,,,,,,,,,,,,,,,,,,,
,,,,,,,,,,,,,,,,,,,,,,,,,
,,,,,,,,,,,,,,,,,,,,,,,,,
,,,,,,,,,,,,,,,,,,,,,,,,,
,,,,,,,,,,,,,,,,,,,,,,,,,
,,,,,,,,,,,,,,,,,,,,,,,,,
,,,,,,,,,,,,,,,,,,,,,,,,,
,,,,,,,,,,,,,,,,,,,,,,,,,
,,,,,,,,,,,,,,,,,,,,,,,,,
,,,,,,,,,,,,,,,,,,,,,,,,,
,,,,,,,,,,,,,,,,,,,,,,,,,
,,,,,,,,,,,,,,,,,,,,,,,,,
,,,,,,,,,,,,,,,,,,,,,,,,,
,,,,,,,,,,,,,,,,,,,,,,,,,
,,,,,,,,,,,,,,,,,,,,,,,,,
,,,,,,,,,,,,,,,,,,,,,,,,,
,,,,,,,,,,,,,,,,,,,,,,,,,
,,,,,,,,,,,,,,,,,,,,,,,,,
,,,,,,,,,,,,,,,,,,,,,,,,,
,,,,,,,,,,,,,,,,,,,,,,,,,
,,,,,,,,,,,,,,,,,,,,,,,,,
,,,,,,,,,,,,,,,,,,,,,,,,,
,,,,,,,,,,,,,,,,,,,,,,,,,
,,,,,,,,,,,,,,,,,,,,,,,,,
,,,,,,,,,,,,,,,,,,,,,,,,,
,,,,,,,,,,,,,,,,,,,,,,,,,
,,,,,,,,,,,,,,,,,,,,,,,,,
,,,,,,,,,,,,,,,,,,,,,,,,,
,,,,,,,,,,,,,,,,,,,,,,,,,
,,,,,,,,,,,,,,,,,,,,,,,,,
,,,,,,,,,,,,,,,,,,,,,,,,,
,,,,,,,,,,,,,,,,,,,,,,,,,
,,,,,,,,,,,,,,,,,,,,,,,,,
,,,,,,,,,,,,,,,,,,,,,,,,,
,,,,,,,,,,,,,,,,,,,,,,,,,
,,,,,,,,,,,,,,,,,,,,,,,,,
,,,,,,,,,,,,,,,,,,,,,,,,,
,,,,,,,,,,,,,,,,,,,,,,,,,
,,,,,,,,,,,,,,,,,,,,,,,,,
,,,,,,,,,,,,,,,,,,,,,,,,,
,,,,,,,,,,,,,,,,,,,,,,,,,
,,,,,,,,,,,,,,,,,,,,,,,,,
,,,,,,,,,,,,,,,,,,,,,,,,,
,,,,,,,,,,,,,,,,,,,,,,,,,
,,,,,,,,,,,,,,,,,,,,,,,,,
,,,,,,,,,,,,,,,,,,,,,,,,,
,,,,,,,,,,,,,,,,,,,,,,,,,
,,,,,,,,,,,,,,,,,,,,,,,,,
,,,,,,,,,,,,,,,,,,,,,,,,,
,,,,,,,,,,,,,,,,,,,,,,,,,
,,,,,,,,,,,,,,,,,,,,,,,,,
,,,,,,,,,,,,,,,,,,,,,,,,,
,,,,,,,,,,,,,,,,,,,,,,,,,
,,,,,,,,,,,,,,,,,,,,,,,,,
,,,,,,,,,,,,,,,,,,,,,,,,,
,,,,,,,,,,,,,,,,,,,,,,,,,
,,,,,,,,,,,,,,,,,,,,,,,,,
,,,,,,,,,,,,,,,,,,,,,,,,,
,,,,,,,,,,,,,,,,,,,,,,,,,
,,,,,,,,,,,,,,,,,,,,,,,,,
,,,,,,,,,,,,,,,,,,,,,,,,,
,,,,,,,,,,,,,,,,,,,,,,,,,
,,,,,,,,,,,,,,,,,,,,,,,,,
,,,,,,,,,,,,,,,,,,,,,,,,,
,,,,,,,,,,,,,,,,,,,,,,,,,
,,,,,,,,,,,,,,,,,,,,,,,,,
,,,,,,,,,,,,,,,,,,,,,,,,,
,,,,,,,,,,,,,,,,,,,,,,,,,
,,,,,,,,,,,,,,,,,,,,,,,,,
,,,,,,,,,,,,,,,,,,,,,,,,,
,,,,,,,,,,,,,,,,,,,,,,,,,
,,,,,,,,,,,,,,,,,,,,,,,,,
,,,,,,,,,,,,,,,,,,,,,,,,,
,,,,,,,,,,,,,,,,,,,,,,,,,
,,,,,,,,,,,,,,,,,,,,,,,,,
,,,,,,,,,,,,,,,,,,,,,,,,,
,,,,,,,,,,,,,,,,,,,,,,,,,
,,,,,,,,,,,,,,,,,,,,,,,,,
,,,,,,,,,,,,,,,,,,,,,,,,,
,,,,,,,,,,,,,,,,,,,,,,,,,
,,,,,,,,,,,,,,,,,,,,,,,,,
,,,,,,,,,,,,,,,,,,,,,,,,,
,,,,,,,,,,,,,,,,,,,,,,,,,
,,,,,,,,,,,,,,,,,,,,,,,,,
,,,,,,,,,,,,,,,,,,,,,,,,,
,,,,,,,,,,,,,,,,,,,,,,,,,
,,,,,,,,,,,,,,,,,,,,,,,,,
,,,,,,,,,,,,,,,,,,,,,,,,,
,,,,,,,,,,,,,,,,,,,,,,,,,
,,,,,,,,,,,,,,,,,,,,,,,,,
,,,,,,,,,,,,,,,,,,,,,,,,,
,,,,,,,,,,,,,,,,,,,,,,,,,
,,,,,,,,,,,,,,,,,,,,,,,,,
,,,,,,,,,,,,,,,,,,,,,,,,,
,,,,,,,,,,,,,,,,,,,,,,,,,
,,,,,,,,,,,,,,,,,,,,,,,,,
,,,,,,,,,,,,,,,,,,,,,,,,,
,,,,,,,,,,,,,,,,,,,,,,,,,
,,,,,,,,,,,,,,,,,,,,,,,,,
,,,,,,,,,,,,,,,,,,,,,,,,,
,,,,,,,,,,,,,,,,,,,,,,,,,
,,,,,,,,,,,,,,,,,,,,,,,,,
,,,,,,,,,,,,,,,,,,,,,,,,,
,,,,,,,,,,,,,,,,,,,,,,,,,
,,,,,,,,,,,,,,,,,,,,,,,,,
,,,,,,,,,,,,,,,,,,,,,,,,,
,,,,,,,,,,,,,,,,,,,,,,,,,
,,,,,,,,,,,,,,,,,,,,,,,,,
,,,,,,,,,,,,,,,,,,,,,,,,,
,,,,,,,,,,,,,,,,,,,,,,,,,
,,,,,,,,,,,,,,,,,,,,,,,,,
,,,,,,,,,,,,,,,,,,,,,,,,,
,,,,,,,,,,,,,,,,,,,,,,,,,
,,,,,,,,,,,,,,,,,,,,,,,,,
,,,,,,,,,,,,,,,,,,,,,,,,,
,,,,,,,,,,,,,,,,,,,,,,,,,
,,,,,,,,,,,,,,,,,,,,,,,,,
,,,,,,,,,,,,,,,,,,,,,,,,,
,,,,,,,,,,,,,,,,,,,,,,,,,
,,,,,,,,,,,,,,,,,,,,,,,,,
,,,,,,,,,,,,,,,,,,,,,,,,,
,,,,,,,,,,,,,,,,,,,,,,,,,
,,,,,,,,,,,,,,,,,,,,,,,,,
,,,,,,,,,,,,,,,,,,,,,,,,,
,,,,,,,,,,,,,,,,,,,,,,,,,
,,,,,,,,,,,,,,,,,,,,,,,,,
,,,,,,,,,,,,,,,,,,,,,,,,,
,,,,,,,,,,,,,,,,,,,,,,,,,
,,,,,,,,,,,,,,,,,,,,,,,,,
,,,,,,,,,,,,,,,,,,,,,,,,,
,,,,,,,,,,,,,,,,,,,,,,,,,
,,,,,,,,,,,,,,,,,,,,,,,,,
,,,,,,,,,,,,,,,,,,,,,,,,,
,,,,,,,,,,,,,,,,,,,,,,,,,
,,,,,,,,,,,,,,,,,,,,,,,,,
,,,,,,,,,,,,,,,,,,,,,,,,,
,,,,,,,,,,,,,,,,,,,,,,,,,
,,,,,,,,,,,,,,,,,,,,,,,,,
,,,,,,,,,,,,,,,,,,,,,,,,,
,,,,,,,,,,,,,,,,,,,,,,,,,
,,,,,,,,,,,,,,,,,,,,,,,,,
,,,,,,,,,,,,,,,,,,,,,,,,,
,,,,,,,,,,,,,,,,,,,,,,,,,
,,,,,,,,,,,,,,,,,,,,,,,,,
,,,,,,,,,,,,,,,,,,,,,,,,,
,,,,,,,,,,,,,,,,,,,,,,,,,
,,,,,,,,,,,,,,,,,,,,,,,,,
,,,,,,,,,,,,,,,,,,,,,,,,,
,,,,,,,,,,,,,,,,,,,,,,,,,
,,,,,,,,,,,,,,,,,,,,,,,,,
,,,,,,,,,,,,,,,,,,,,,,,,,
,,,,,,,,,,,,,,,,,,,,,,,,,
,,,,,,,,,,,,,,,,,,,,,,,,,
,,,,,,,,,,,,,,,,,,,,,,,,,
,,,,,,,,,,,,,,,,,,,,,,,,,
,,,,,,,,,,,,,,,,,,,,,,,,,
,,,,,,,,,,,,,,,,,,,,,,,,,
,,,,,,,,,,,,,,,,,,,,,,,,,
,,,,,,,,,,,,,,,,,,,,,,,,,
,,,,,,,,,,,,,,,,,,,,,,,,,
,,,,,,,,,,,,,,,,,,,,,,,,,
,,,,,,,,,,,,,,,,,,,,,,,,,
,,,,,,,,,,,,,,,,,,,,,,,,,
,,,,,,,,,,,,,,,,,,,,,,,,,
,,,,,,,,,,,,,,,,,,,,,,,,,
,,,,,,,,,,,,,,,,,,,,,,,,,
,,,,,,,,,,,,,,,,,,,,,,,,,
,,,,,,,,,,,,,,,,,,,,,,,,,
,,,,,,,,,,,,,,,,,,,,,,,,,
,,,,,,,,,,,,,,,,,,,,,,,,,
,,,,,,,,,,,,,,,,,,,,,,,,,
,,,,,,,,,,,,,,,,,,,,,,,,,
,,,,,,,,,,,,,,,,,,,,,,,,,
,,,,,,,,,,,,,,,,,,,,,,,,,
,,,,,,,,,,,,,,,,,,,,,,,,,
,,,,,,,,,,,,,,,,,,,,,,,,,
,,,,,,,,,,,,,,,,,,,,,,,,,
,,,,,,,,,,,,,,,,,,,,,,,,,
,,,,,,,,,,,,,,,,,,,,,,,,,
,,,,,,,,,,,,,,,,,,,,,,,,,
,,,,,,,,,,,,,,,,,,,,,,,,,
,,,,,,,,,,,,,,,,,,,,,,,,,
,,,,,,,,,,,,,,,,,,,,,,,,,
,,,,,,,,,,,,,,,,,,,,,,,,,
,,,,,,,,,,,,,,,,,,,,,,,,,
,,,,,,,,,,,,,,,,,,,,,,,,,
,,,,,,,,,,,,,,,,,,,,,,,,,
,,,,,,,,,,,,,,,,,,,,,,,,,
,,,,,,,,,,,,,,,,,,,,,,,,,
,,,,,,,,,,,,,,,,,,,,,,,,,
,,,,,,,,,,,,,,,,,,,,,,,,,
,,,,,,,,,,,,,,,,,,,,,,,,,
,,,,,,,,,,,,,,,,,,,,,,,,,
,,,,,,,,,,,,,,,,,,,,,,,,,
,,,,,,,,,,,,,,,,,,,,,,,,,
,,,,,,,,,,,,,,,,,,,,,,,,,
,,,,,,,,,,,,,,,,,,,,,,,,,
,,,,,,,,,,,,,,,,,,,,,,,,,
,,,,,,,,,,,,,,,,,,,,,,,,,
,,,,,,,,,,,,,,,,,,,,,,,,,
,,,,,,,,,,,,,,,,,,,,,,,,,
,,,,,,,,,,,,,,,,,,,,,,,,,
,,,,,,,,,,,,,,,,,,,,,,,,,
,,,,,,,,,,,,,,,,,,,,,,,,,
,,,,,,,,,,,,,,,,,,,,,,,,,
,,,,,,,,,,,,,,,,,,,,,,,,,
,,,,,,,,,,,,,,,,,,,,,,,,,
,,,,,,,,,,,,,,,,,,,,,,,,,
,,,,,,,,,,,,,,,,,,,,,,,,,
,,,,,,,,,,,,,,,,,,,,,,,,,
,,,,,,,,,,,,,,,,,,,,,,,,,
,,,,,,,,,,,,,,,,,,,,,,,,,
,,,,,,,,,,,,,,,,,,,,,,,,,
,,,,,,,,,,,,,,,,,,,,,,,,,
,,,,,,,,,,,,,,,,,,,,,,,,,
,,,,,,,,,,,,,,,,,,,,,,,,,
,,,,,,,,,,,,,,,,,,,,,,,,,
,,,,,,,,,,,,,,,,,,,,,,,,,
,,,,,,,,,,,,,,,,,,,,,,,,,
,,,,,,,,,,,,,,,,,,,,,,,,,
,,,,,,,,,,,,,,,,,,,,,,,,,
,,,,,,,,,,,,,,,,,,,,,,,,,
,,,,,,,,,,,,,,,,,,,,,,,,,
,,,,,,,,,,,,,,,,,,,,,,,,,
,,,,,,,,,,,,,,,,,,,,,,,,,
,,,,,,,,,,,,,,,,,,,,,,,,,
,,,,,,,,,,,,,,,,,,,,,,,,,
,,,,,,,,,,,,,,,,,,,,,,,,,
,,,,,,,,,,,,,,,,,,,,,,,,,
,,,,,,,,,,,,,,,,,,,,,,,,,
,,,,,,,,,,,,,,,,,,,,,,,,,
,,,,,,,,,,,,,,,,,,,,,,,,,
,,,,,,,,,,,,,,,,,,,,,,,,,
,,,,,,,,,,,,,,,,,,,,,,,,,
,,,,,,,,,,,,,,,,,,,,,,,,,
,,,,,,,,,,,,,,,,,,,,,,,,,
,,,,,,,,,,,,,,,,,,,,,,,,,
,,,,,,,,,,,,,,,,,,,,,,,,,
,,,,,,,,,,,,,,,,,,,,,,,,,
,,,,,,,,,,,,,,,,,,,,,,,,,
,,,,,,,,,,,,,,,,,,,,,,,,,
,,,,,,,,,,,,,,,,,,,,,,,,,
,,,,,,,,,,,,,,,,,,,,,,,,,
,,,,,,,,,,,,,,,,,,,,,,,,,
,,,,,,,,,,,,,,,,,,,,,,,,,
,,,,,,,,,,,,,,,,,,,,,,,,,
,,,,,,,,,,,,,,,,,,,,,,,,,
,,,,,,,,,,,,,,,,,,,,,,,,,
,,,,,,,,,,,,,,,,,,,,,,,,,
,,,,,,,,,,,,,,,,,,,,,,,,,
,,,,,,,,,,,,,,,,,,,,,,,,,
,,,,,,,,,,,,,,,,,,,,,,,,,
,,,,,,,,,,,,,,,,,,,,,,,,,
,,,,,,,,,,,,,,,,,,,,,,,,,
,,,,,,,,,,,,,,,,,,,,,,,,,
,,,,,,,,,,,,,,,,,,,,,,,,,
,,,,,,,,,,,,,,,,,,,,,,,,,
,,,,,,,,,,,,,,,,,,,,,,,,,
,,,,,,,,,,,,,,,,,,,,,,,,,
,,,,,,,,,,,,,,,,,,,,,,,,,
